"","CBSA","year","total_population","less_than_18","18_to_29","30_to_44","45_to_59","above_59","white_alone","AA_alone","hispanic_or_latino","household_size_1","household_size_2","household_size_3_to_4","household_size_more_than_4","NAME","level","FIPS","county_name","LSAD","msa_name"
"1",12060,"1970",3045686,1852235,376954,344529,274441,197527,NA,NA,NA,NA,NA,NA,NA,"Atlanta-Sandy Springs-Roswell, GA","msa",NA,NA,NA,NA
"2",12060,"1980",2338211,3548924,388728,671730,806121,590267,1776285,571705,25493,173129,246715,297589,106973,"Atlanta-Sandy Springs-Roswell, GA","msa",NA,NA,NA,NA
"3",12060,"1990",3082308,3082308,638579,840616,447623,352383,2225976,778381,56896,258633,362251,409695,115182,"Atlanta-Sandy Springs-Roswell, GA","msa",NA,NA,NA,NA
"4",12060,"2000",4798032,5461915,762825,1151592,755943,424645,2706365,1216222,267297,362728,488486,367951,178632,"Atlanta-Sandy Springs-Roswell, GA","msa",NA,NA,NA,NA
"5",12060,"2009",10514228,2854742,1728444,2559466,2077458,1294118,6142884,3261192,978554,980806,1163500,1189346,374938,"Atlanta-Sandy Springs-Roswell, GA","msa",NA,NA,NA,NA
"6",12060,"2013",10758352,2811574,1754922,2441568,2202158,1548130,6055510,3507554,1115970,1013656,1196268,1221334,403904,"Atlanta-Sandy Springs-Roswell, GA","msa",NA,NA,NA,NA
"7",12060,"2017",11401980,2873010,1851418,2444330,2366104,1867118,6225660,3841564,1200066,1078526,1272210,1281010,426344,"Atlanta-Sandy Springs-Roswell, GA","msa",NA,NA,NA,NA
"8",14460,"1970",6527043,3918092,723764,650967,639755,594465,NA,NA,NA,NA,NA,NA,NA,"Boston-Cambridge-Newton, MA-NH","msa",NA,NA,NA,NA
"9",14460,"1980",3938585,5999348,709296,1010986,1275742,1370897,3772168,182173,91528,344407,412777,436706,198425,"Boston-Cambridge-Newton, MA-NH","msa",NA,NA,NA,NA
"10",14460,"1990",4133895,4133895,895509,1034270,601537,693561,3678592,233937,196803,394805,472251,505616,164513,"Boston-Cambridge-Newton, MA-NH","msa",NA,NA,NA,NA
"11",14460,"2000",4953776,5760593,718580,1116385,814627,641804,3655535,260695,281216,465343,523602,376982,168788,"Boston-Cambridge-Newton, MA-NH","msa",NA,NA,NA,NA
"12",14460,"2009",9027868,2002860,1519954,1986302,1935924,1582828,7317240,612396,711926,982934,1072774,1046124,294020,"Boston-Cambridge-Newton, MA-NH","msa",NA,NA,NA,NA
"13",14460,"2013",9208556,1959170,1628420,1846524,2020204,1754238,7242870,698694,863266,1003802,1128508,1080466,298556,"Boston-Cambridge-Newton, MA-NH","msa",NA,NA,NA,NA
"14",14460,"2017",9543872,1943192,1705856,1877394,2039688,1977742,7348826,769054,1010954,1001514,1180126,1128854,297778,"Boston-Cambridge-Newton, MA-NH","msa",NA,NA,NA,NA
"15",16980,"1970",13013649,7882788,1395514,1394235,1331834,1009278,NA,NA,NA,NA,NA,NA,NA,"Chicago-Naperville-Elgin, IL-IN-WI","msa",NA,NA,NA,NA
"16",16980,"1980",8052932,12201218,1349365,2039543,2673287,2459553,6700719,1572447,633549,669752,798779,903276,434935,"Chicago-Naperville-Elgin, IL-IN-WI","msa",NA,NA,NA,NA
"17",16980,"1990",8182076,8182076,1580513,2004685,1193981,1267350,5888345,1546880,878734,737740,850720,956214,398432,"Chicago-Naperville-Elgin, IL-IN-WI","msa",NA,NA,NA,NA
"18",16980,"2000",12086594,11877778,1540899,2210893,1595140,1194811,6079835,1682324,1494139,859316,946310,769885,458418,"Chicago-Naperville-Elgin, IL-IN-WI","msa",NA,NA,NA,NA
"19",16980,"2009",18923632,4892490,3184774,4128110,3821610,2896648,12343924,3357796,3626100,1903242,2006408,2073384,819054,"Chicago-Naperville-Elgin, IL-IN-WI","msa",NA,NA,NA,NA
"20",16980,"2013",18976986,4687662,3172084,3974676,3918024,3224540,12628766,3250912,3973570,1933340,2038178,2077018,810940,"Chicago-Naperville-Elgin, IL-IN-WI","msa",NA,NA,NA,NA
"21",16980,"2017",19098458,4486848,3158076,3922352,3889102,3642080,12606144,3198830,4163048,1989468,2137522,2066572,769098,"Chicago-Naperville-Elgin, IL-IN-WI","msa",NA,NA,NA,NA
"22",19100,"1970",3998388,2428838,489194,448454,360294,271608,NA,NA,NA,NA,NA,NA,NA,"Dallas-Fort Worth-Arlington, TX","msa",NA,NA,NA,NA
"23",19100,"1980",3034207,4588599,538603,846631,1018638,781949,2696409,426171,250448,248644,343160,372457,134081,"Dallas-Fort Worth-Arlington, TX","msa",NA,NA,NA,NA
"24",19100,"1990",4018778,4018778,851902,1063235,551594,458422,3048680,561521,516273,374816,457357,501962,167348,"Dallas-Fort Worth-Arlington, TX","msa",NA,NA,NA,NA
"25",19100,"2000",7445800,6648873,948729,1356364,875157,522204,3615423,708201,1120837,468197,574255,444256,241629,"Dallas-Fort Worth-Arlington, TX","msa",NA,NA,NA,NA
"26",19100,"2009",12391780,3472070,2172618,2909312,2320420,1517360,8575138,1719384,3300706,1098826,1301862,1375538,514752,"Dallas-Fort Worth-Arlington, TX","msa",NA,NA,NA,NA
"27",19100,"2013",13151666,3610252,2205390,2921906,2587666,1826452,9076496,1961308,3627018,1174950,1431746,1490756,569612,"Dallas-Fort Worth-Arlington, TX","msa",NA,NA,NA,NA
"28",19100,"2017",14208830,3779736,2350136,3078606,2803174,2197178,9861126,2186424,4037008,1238318,1539972,1598224,612338,"Dallas-Fort Worth-Arlington, TX","msa",NA,NA,NA,NA
"29",26420,"1970",3576789,2195100,423335,417632,328189,212533,NA,NA,NA,NA,NA,NA,NA,"Houston-The Woodlands-Sugar Land, TX","msa",NA,NA,NA,NA
"30",26420,"1980",3137557,4704917,565551,943701,1031933,660394,2771328,573243,448708,250820,323653,380305,156661,"Houston-The Woodlands-Sugar Land, TX","msa",NA,NA,NA,NA
"31",26420,"1990",3750963,3750963,739942,1016723,514012,398132,2543439,669295,767776,328056,380461,457759,181750,"Houston-The Woodlands-Sugar Land, TX","msa",NA,NA,NA,NA
"32",26420,"2000",7399749,6037698,827867,1185190,818139,467483,2936566,789731,1353294,385628,471580,409643,242260,"Houston-The Woodlands-Sugar Land, TX","msa",NA,NA,NA,NA
"33",26420,"2009",11141234,3191316,1914262,2504816,2175538,1355302,7209086,1876194,3714232,922848,1128556,1255324,499816,"Houston-The Woodlands-Sugar Land, TX","msa",NA,NA,NA,NA
"34",26420,"2013",12127080,3353598,2082064,2660678,2379024,1651716,7973026,2091746,4323510,995604,1230808,1351126,559498,"Houston-The Woodlands-Sugar Land, TX","msa",NA,NA,NA,NA
"35",26420,"2017",13272416,3577222,2232642,2906626,2532512,2023414,8718222,2283394,4865302,1100560,1348836,1481988,611738,"Houston-The Woodlands-Sugar Land, TX","msa",NA,NA,NA,NA
"36",31080,"1970",14119932,8456849,1595905,1568396,1422265,1076517,NA,NA,NA,NA,NA,NA,NA,"Los Angeles-Long Beach-Anaheim, CA","msa",NA,NA,NA,NA
"37",31080,"1980",9410212,14219827,1684955,2535919,3169702,2773695,9259792,985865,2351225,890554,1031994,1029452,470150,"Los Angeles-Long Beach-Anaheim, CA","msa",NA,NA,NA,NA
"38",31080,"1990",11273720,11273720,2507703,2825797,1553350,1475661,6941442,1032038,3886958,912399,1097699,1167879,645215,"Los Angeles-Long Beach-Anaheim, CA","msa",NA,NA,NA,NA
"39",31080,"2000",22605503,15933750,2228991,3089710,2014952,1465589,6465654,961163,5119938,967749,1091867,1003460,756237,"Los Angeles-Long Beach-Anaheim, CA","msa",NA,NA,NA,NA
"40",31080,"2009",25524252,6616662,4545004,5817782,4840236,3704568,13680586,1827074,11229436,2075556,2289890,2660568,1278520,"Los Angeles-Long Beach-Anaheim, CA","msa",NA,NA,NA,NA
"41",31080,"2013",25890504,6208626,4733914,5580366,5159964,4207634,14380408,1766626,11548742,2085326,2363996,2694118,1308350,"Los Angeles-Long Beach-Anaheim, CA","msa",NA,NA,NA,NA
"42",31080,"2017",26523076,5980694,4802542,5593872,5349226,4796742,14386638,1764486,11945502,2117634,2458998,2798478,1265238,"Los Angeles-Long Beach-Anaheim, CA","msa",NA,NA,NA,NA
"43",33100,"1970",1658301,968822,136817,152133,165395,235134,NA,NA,NA,NA,NA,NA,NA,"Miami-Fort Lauderdale-West Palm Beach, FL","msa",NA,NA,NA,NA
"44",33100,"1980",1595063,2432117,205988,341885,479847,868636,1451367,195784,68400,161351,274038,161459,55946,"Miami-Fort Lauderdale-West Palm Beach, FL","msa",NA,NA,NA,NA
"45",33100,"1990",2119006,2119006,334187,486346,294360,578801,1760554,300273,172269,254091,348304,225292,66304,"Miami-Fort Lauderdale-West Palm Beach, FL","msa",NA,NA,NA,NA
"46",33100,"2000",8415108,6647460,720105,1199427,877684,916401,3609888,938578,1703772,512995,613359,396133,221225,"Miami-Fort Lauderdale-West Palm Beach, FL","msa",NA,NA,NA,NA
"47",33100,"2009",10969554,2521152,1646774,2354112,2185442,2262074,7786100,2225526,4267230,1154170,1304918,1195366,359392,"Miami-Fort Lauderdale-West Palm Beach, FL","msa",NA,NA,NA,NA
"48",33100,"2013",11346370,2423348,1768088,2298122,2402144,2454668,8123484,2399226,4752122,1161132,1286826,1211724,375310,"Miami-Fort Lauderdale-West Palm Beach, FL","msa",NA,NA,NA,NA
"49",33100,"2017",12039580,2476116,1841270,2400616,2550762,2770816,8532584,2572830,5326470,1179920,1335136,1260832,379528,"Miami-Fort Lauderdale-West Palm Beach, FL","msa",NA,NA,NA,NA
"50",35620,"1970",29476748,17506245,2967628,3180701,3137259,2684915,NA,NA,NA,NA,NA,NA,NA,"New York-Newark-Jersey City, NY-NJ-PA","msa",NA,NA,NA,NA
"51",35620,"1980",16868198,25757394,2532338,4089671,6025688,6079771,14849895,2893127,2013156,1543884,1754761,1937902,848508,"New York-Newark-Jersey City, NY-NJ-PA","msa",NA,NA,NA,NA
"52",35620,"1990",17413155,17413155,3293981,4257748,2763610,3088022,12141663,3228944,2677355,1670552,1821418,2060237,809423,"New York-Newark-Jersey City, NY-NJ-PA","msa",NA,NA,NA,NA
"53",35620,"2000",26195003,25030666,2983572,4701179,3464690,2837467,11800965,3354770,3625242,1846888,1948969,1597048,905997,"New York-Newark-Jersey City, NY-NJ-PA","msa",NA,NA,NA,NA
"54",35620,"2009",39162758,9287544,6199048,8629286,8135804,6911076,24008512,6781276,8188846,3940342,4047114,4411446,1555312,"New York-Newark-Jersey City, NY-NJ-PA","msa",NA,NA,NA,NA
"55",35620,"2013",39433760,8919922,6576618,8212946,8318484,7405790,23666270,6785982,9047926,3945640,4097538,4496808,1617544,"New York-Newark-Jersey City, NY-NJ-PA","msa",NA,NA,NA,NA
"56",35620,"2017",40384084,8820052,6705244,8218036,8389010,8251742,23536538,6911968,9727204,3998764,4191556,4552570,1593164,"New York-Newark-Jersey City, NY-NJ-PA","msa",NA,NA,NA,NA
"57",37980,"1970",8833026,5317407,923325,920379,933945,737970,NA,NA,NA,NA,NA,NA,NA,"Philadelphia-Camden-Wilmington, PA-NJ-DE-MD","msa",NA,NA,NA,NA
"58",37980,"1980",5240039,7974563,869661,1241389,1753114,1837806,4295139,965469,125889,410445,534265,605867,270348,"Philadelphia-Camden-Wilmington, PA-NJ-DE-MD","msa",NA,NA,NA,NA
"59",37980,"1990",5435468,5435468,1030210,1300785,805301,973073,4196135,1015406,181577,494382,597184,660252,235770,"Philadelphia-Camden-Wilmington, PA-NJ-DE-MD","msa",NA,NA,NA,NA
"60",37980,"2000",6255383,7555607,867022,1359601,1043440,887559,4128103,1120692,284118,574036,651217,477972,235504,"Philadelphia-Camden-Wilmington, PA-NJ-DE-MD","msa",NA,NA,NA,NA
"61",37980,"2009",11821186,2836220,1915966,2459384,2500260,2109356,8344818,2398556,787736,1268542,1356512,1334764,412850,"Philadelphia-Camden-Wilmington, PA-NJ-DE-MD","msa",NA,NA,NA,NA
"62",37980,"2013",11985532,2756268,2015594,2312026,2598258,2303386,8213132,2500446,971732,1307450,1388180,1340164,417468,"Philadelphia-Camden-Wilmington, PA-NJ-DE-MD","msa",NA,NA,NA,NA
"63",37980,"2017",12131288,2685454,2026028,2307092,2562862,2549852,8166566,2541652,1093360,1329294,1434992,1341178,401478,"Philadelphia-Camden-Wilmington, PA-NJ-DE-MD","msa",NA,NA,NA,NA
"64",47900,"1970",5228415,3164346,665885,601327,495855,301002,NA,NA,NA,NA,NA,NA,NA,"Washington-Arlington-Alexandria, DC-VA-MD-WV","msa",NA,NA,NA,NA
"65",47900,"1980",3426648,5197015,583678,1001527,1252093,878338,2532212,902034,96303,306372,354966,413811,160257,"Washington-Arlington-Alexandria, DC-VA-MD-WV","msa",NA,NA,NA,NA
"66",47900,"1990",4157327,4157327,880614,1148530,643064,502712,2784833,1068100,225974,381890,473095,521579,166390,"Washington-Arlington-Alexandria, DC-VA-MD-WV","msa",NA,NA,NA,NA
"67",47900,"2000",5696110,6308176,782647,1288404,944054,554271,2876292,1269754,429341,480023,556293,405962,206058,"Washington-Arlington-Alexandria, DC-VA-MD-WV","msa",NA,NA,NA,NA
"68",47900,"2009",10768782,2666872,1777540,2513136,2279910,1531324,6183028,2793598,1304746,1131152,1215548,1224006,403442,"Washington-Arlington-Alexandria, DC-VA-MD-WV","msa",NA,NA,NA,NA
"69",47900,"2013",11518660,2725522,1956150,2589258,2446632,1801098,6457514,2941958,1625654,1139774,1284058,1310786,447984,"Washington-Arlington-Alexandria, DC-VA-MD-WV","msa",NA,NA,NA,NA
"70",47900,"2017",12180392,2822620,1993826,2706042,2545338,2112566,6645250,3095748,1860322,1171730,1326932,1369952,471454,"Washington-Arlington-Alexandria, DC-VA-MD-WV","msa",NA,NA,NA,NA
"71",47900,"2000",662089,748335,125662,137177,102871,83495,175306,343213,45015,108569,68022,33493,19904,NA,"county_level","11001","District of Columbia, DC","County or equivalent","Washington-Arlington-Alexandria, DC-VA-MD-WV"
"72",47900,"1990",606900,606900,144952,153954,88159,103211,179690,399751,32255,102947,66926,56036,23125,NA,"county_level","11001","District of Columbia, DC","County or equivalent","Washington-Arlington-Alexandria, DC-VA-MD-WV"
"73",47900,"1980",638333,981213,128354,187408,210475,221127,192168,451932,17777,100080,65175,58887,29890,NA,"county_level","11001","District of Columbia, DC","County or equivalent","Washington-Arlington-Alexandria, DC-VA-MD-WV"
"74",47900,"1970",1287918,756510,172947,132882,121630,103949,NA,NA,NA,NA,NA,NA,NA,NA,"county_level","11001","District of Columbia, DC","County or equivalent","Washington-Arlington-Alexandria, DC-VA-MD-WV"
"75",47900,"2009",588433,113992,125724,136609,114310,97798,210983,324631,49813,117435,71903,48108,13277,NA,"county_level","11001","District of Columbia, DC","County or equivalent","Washington-Arlington-Alexandria, DC-VA-MD-WV"
"76",47900,"2009",588433,113992,125724,136609,114310,97798,210983,324631,49813,117435,71903,48108,13277,NA,"county_level","11001","District of Columbia, DC","County or equivalent","Washington-Arlington-Alexandria, DC-VA-MD-WV"
"77",47900,"2017",672391,118058,158115,170369,112823,113026,273471,321062,71829,121126,84873,56926,15060,NA,"county_level","11001","District of Columbia, DC","County or equivalent","Washington-Arlington-Alexandria, DC-VA-MD-WV"
"78",47900,"2013",619371,105291,156363,145246,110874,101597,248141,310530,59479,119573,78272,52026,13778,NA,"county_level","11001","District of Columbia, DC","County or equivalent","Washington-Arlington-Alexandria, DC-VA-MD-WV"
"79",47900,"2017",672391,118058,158115,170369,112823,113026,273471,321062,71829,121126,84873,56926,15060,NA,"county_level","11001","District of Columbia, DC","County or equivalent","Washington-Arlington-Alexandria, DC-VA-MD-WV"
"80",47900,"2013",619371,105291,156363,145246,110874,101597,248141,310530,59479,119573,78272,52026,13778,NA,"county_level","11001","District of Columbia, DC","County or equivalent","Washington-Arlington-Alexandria, DC-VA-MD-WV"
"81",47900,"2000",76629,98517,8315,20225,14790,8656,62421,9672,1033,4155,7876,7533,3528,NA,"county_level","24009","Calvert County, MD","County or equivalent","Washington-Arlington-Alexandria, DC-VA-MD-WV"
"82",47900,"1990",51372,51372,8485,14246,7703,6286,42814,8066,525,2369,5052,7025,2501,NA,"county_level","24009","Calvert County, MD","County or equivalent","Washington-Arlington-Alexandria, DC-VA-MD-WV"
"83",47900,"1980",34638,52053,4494,9099,11727,8866,27005,7765,281,1547,2958,4121,2106,NA,"county_level","24009","Calvert County, MD","County or equivalent","Washington-Arlington-Alexandria, DC-VA-MD-WV"
"84",47900,"1970",32756,20682,3276,2993,3104,2701,NA,NA,NA,NA,NA,NA,NA,NA,"county_level","24009","Calvert County, MD","County or equivalent","Washington-Arlington-Alexandria, DC-VA-MD-WV"
"85",47900,"2009",88055,23610,11575,19287,20954,12629,72067,12431,2212,5622,9453,11292,3367,NA,"county_level","24009","Calvert County, MD","County or equivalent","Washington-Arlington-Alexandria, DC-VA-MD-WV"
"86",47900,"2017",90824,21739,12581,15753,22598,18153,73885,10797,3276,5861,11040,10776,3785,NA,"county_level","24009","Calvert County, MD","County or equivalent","Washington-Arlington-Alexandria, DC-VA-MD-WV"
"87",47900,"2013",89332,22816,11978,16318,22865,15355,72777,12116,2658,6185,10537,10475,3726,NA,"county_level","24009","Calvert County, MD","County or equivalent","Washington-Arlington-Alexandria, DC-VA-MD-WV"
"88",47900,"2009",88055,23610,11575,19287,20954,12629,72067,12431,2212,5622,9453,11292,3367,NA,"county_level","24009","Calvert County, MD","County or equivalent","Washington-Arlington-Alexandria, DC-VA-MD-WV"
"89",47900,"2017",90824,21739,12581,15753,22598,18153,73885,10797,3276,5861,11040,10776,3785,NA,"county_level","24009","Calvert County, MD","County or equivalent","Washington-Arlington-Alexandria, DC-VA-MD-WV"
"90",47900,"2013",89332,22816,11978,16318,22865,15355,72777,12116,2658,6185,10537,10475,3726,NA,"county_level","24009","Calvert County, MD","County or equivalent","Washington-Arlington-Alexandria, DC-VA-MD-WV"
"91",47900,"2000",125866,158692,16448,32944,22842,12637,82460,31425,2660,7146,12718,11498,5372,NA,"county_level","24017","Charles County, MD","County or equivalent","Washington-Arlington-Alexandria, DC-VA-MD-WV"
"92",47900,"1990",101154,101154,20426,26630,14950,9436,80252,18425,1605,4702,9107,14331,4794,NA,"county_level","24017","Charles County, MD","County or equivalent","Washington-Arlington-Alexandria, DC-VA-MD-WV"
"93",47900,"1980",72751,109141,10456,18988,25024,13814,57811,14927,941,2555,4975,9135,4704,NA,"county_level","24017","Charles County, MD","County or equivalent","Washington-Arlington-Alexandria, DC-VA-MD-WV"
"94",47900,"1970",74143,47678,8779,8205,5844,3637,NA,NA,NA,NA,NA,NA,NA,NA,"county_level","24017","Charles County, MD","County or equivalent","Washington-Arlington-Alexandria, DC-VA-MD-WV"
"95",47900,"2009",140181,38506,20294,33896,29707,17778,78576,52225,5134,10117,15558,17795,5501,NA,"county_level","24017","Charles County, MD","County or equivalent","Washington-Arlington-Alexandria, DC-VA-MD-WV"
"96",47900,"2013",148957,38661,22250,31466,34273,22307,74894,61660,6815,11005,16108,18589,5545,NA,"county_level","24017","Charles County, MD","County or equivalent","Washington-Arlington-Alexandria, DC-VA-MD-WV"
"97",47900,"2009",140181,38506,20294,33896,29707,17778,78576,52225,5134,10117,15558,17795,5501,NA,"county_level","24017","Charles County, MD","County or equivalent","Washington-Arlington-Alexandria, DC-VA-MD-WV"
"98",47900,"2017",156021,38383,24155,30783,36636,26064,72951,67351,8358,12467,15969,19777,6775,NA,"county_level","24017","Charles County, MD","County or equivalent","Washington-Arlington-Alexandria, DC-VA-MD-WV"
"99",47900,"2013",148957,38661,22250,31466,34273,22307,74894,61660,6815,11005,16108,18589,5545,NA,"county_level","24017","Charles County, MD","County or equivalent","Washington-Arlington-Alexandria, DC-VA-MD-WV"
"100",47900,"2017",156021,38383,24155,30783,36636,26064,72951,67351,8358,12467,15969,19777,6775,NA,"county_level","24017","Charles County, MD","County or equivalent","Washington-Arlington-Alexandria, DC-VA-MD-WV"
"101",47900,"2000",204473,255944,25670,52470,37938,23477,174293,12191,4598,14056,22836,18020,7715,NA,"county_level","24021","Frederick County, MD","County or equivalent","Washington-Arlington-Alexandria, DC-VA-MD-WV"
"102",47900,"1990",150208,150208,28802,40918,21714,19247,140114,7961,1525,9390,16619,20888,5861,NA,"county_level","24021","Frederick County, MD","County or equivalent","Washington-Arlington-Alexandria, DC-VA-MD-WV"
"103",47900,"1980",114792,173413,18373,31235,38825,30760,108339,6320,800,6075,10786,15077,5540,NA,"county_level","24021","Frederick County, MD","County or equivalent","Washington-Arlington-Alexandria, DC-VA-MD-WV"
"104",47900,"1970",140113,84927,15821,15170,13539,10656,NA,NA,NA,NA,NA,NA,NA,NA,"county_level","24021","Frederick County, MD","County or equivalent","Washington-Arlington-Alexandria, DC-VA-MD-WV"
"105",47900,"2013",236668,58742,34279,48267,54840,40540,194610,20403,17971,18951,28261,30270,8855,NA,"county_level","24021","Frederick County, MD","County or equivalent","Washington-Arlington-Alexandria, DC-VA-MD-WV"
"106",47900,"2013",236668,58742,34279,48267,54840,40540,194610,20403,17971,18951,28261,30270,8855,NA,"county_level","24021","Frederick County, MD","County or equivalent","Washington-Arlington-Alexandria, DC-VA-MD-WV"
"107",47900,"2009",224185,58700,31860,50858,49586,33181,186928,18148,12566,18107,26469,28220,8478,NA,"county_level","24021","Frederick County, MD","County or equivalent","Washington-Arlington-Alexandria, DC-VA-MD-WV"
"108",47900,"2009",224185,58700,31860,50858,49586,33181,186928,18148,12566,18107,26469,28220,8478,NA,"county_level","24021","Frederick County, MD","County or equivalent","Washington-Arlington-Alexandria, DC-VA-MD-WV"
"109",47900,"2017",246105,58317,36199,47694,57014,46881,199955,22103,21623,19564,30909,30500,9049,NA,"county_level","24021","Frederick County, MD","County or equivalent","Washington-Arlington-Alexandria, DC-VA-MD-WV"
"110",47900,"2017",246105,58317,36199,47694,57014,46881,199955,22103,21623,19564,30909,30500,9049,NA,"county_level","24021","Frederick County, MD","County or equivalent","Washington-Arlington-Alexandria, DC-VA-MD-WV"
"111",47900,"2000",1073959,1162898,115893,228838,178628,116940,564890,130849,100309,79246,101647,77057,37967,NA,"county_level","24031","Montgomery County, MD","County or equivalent","Washington-Arlington-Alexandria, DC-VA-MD-WV"
"112",47900,"1990",757027,757027,140965,210424,121404,107114,581379,92375,55372,62812,91603,98884,29604,NA,"county_level","24031","Montgomery County, MD","County or equivalent","Washington-Arlington-Alexandria, DC-VA-MD-WV"
"113",47900,"1980",579053,879943,82063,154334,229370,171038,529304,51882,22875,43582,63798,73375,26564,NA,"county_level","24031","Montgomery County, MD","County or equivalent","Washington-Arlington-Alexandria, DC-VA-MD-WV"
"114",47900,"1970",855842,522809,86519,103205,93455,49854,NA,NA,NA,NA,NA,NA,NA,NA,"county_level","24031","Montgomery County, MD","County or equivalent","Washington-Arlington-Alexandria, DC-VA-MD-WV"
"115",47900,"2017",1039198,243654,147327,215965,222791,209461,563929,187943,197242,92107,112316,124082,40737,NA,"county_level","24031","Montgomery County, MD","County or equivalent","Washington-Arlington-Alexandria, DC-VA-MD-WV"
"116",47900,"2013",989474,235741,142546,209922,218638,182627,560930,170317,173135,91422,111229,118067,39845,NA,"county_level","24031","Montgomery County, MD","County or equivalent","Washington-Arlington-Alexandria, DC-VA-MD-WV"
"117",47900,"2009",946172,234412,135730,204619,211568,159843,569819,154422,142509,87724,107965,111182,37228,NA,"county_level","24031","Montgomery County, MD","County or equivalent","Washington-Arlington-Alexandria, DC-VA-MD-WV"
"118",47900,"2017",1039198,243654,147327,215965,222791,209461,563929,187943,197242,92107,112316,124082,40737,NA,"county_level","24031","Montgomery County, MD","County or equivalent","Washington-Arlington-Alexandria, DC-VA-MD-WV"
"119",47900,"2013",989474,235741,142546,209922,218638,182627,560930,170317,173135,91422,111229,118067,39845,NA,"county_level","24031","Montgomery County, MD","County or equivalent","Washington-Arlington-Alexandria, DC-VA-MD-WV"
"120",47900,"2009",946172,234412,135730,204619,211568,159843,569819,154422,142509,87724,107965,111182,37228,NA,"county_level","24031","Montgomery County, MD","County or equivalent","Washington-Arlington-Alexandria, DC-VA-MD-WV"
"121",47900,"2000",915141,1054084,142542,206294,147495,84910,216774,501431,56813,69004,82673,66534,37930,NA,"county_level","24033","Prince George's County, MD","County or equivalent","Washington-Arlington-Alexandria, DC-VA-MD-WV"
"122",47900,"1990",729268,729268,170863,195159,111996,72820,314559,369622,30013,55368,75398,94858,32065,NA,"county_level","24033","Prince George's County, MD","County or equivalent","Washington-Arlington-Alexandria, DC-VA-MD-WV"
"123",47900,"1980",665071,1006724,134516,196895,232209,132395,411275,249539,13767,45003,62523,84119,33781,NA,"county_level","24033","Prince George's County, MD","County or equivalent","Washington-Arlington-Alexandria, DC-VA-MD-WV"
"124",47900,"1970",1075060,660567,157074,127666,87663,42090,NA,NA,NA,NA,NA,NA,NA,NA,"county_level","24033","Prince George's County, MD","County or equivalent","Washington-Arlington-Alexandria, DC-VA-MD-WV"
"125",47900,"2013",873481,204322,165809,186483,183953,132914,185930,560653,134192,84246,87379,94661,37155,NA,"county_level","24033","Prince George's County, MD","County or equivalent","Washington-Arlington-Alexandria, DC-VA-MD-WV"
"126",47900,"2009",834986,211901,148413,188627,175210,110835,194919,533021,103186,83048,87414,92871,34604,NA,"county_level","24033","Prince George's County, MD","County or equivalent","Washington-Arlington-Alexandria, DC-VA-MD-WV"
"127",47900,"2017",905161,203800,163332,188786,189806,159437,170009,572465,157427,86830,86602,94345,38917,NA,"county_level","24033","Prince George's County, MD","County or equivalent","Washington-Arlington-Alexandria, DC-VA-MD-WV"
"128",47900,"2013",873481,204322,165809,186483,183953,132914,185930,560653,134192,84246,87379,94661,37155,NA,"county_level","24033","Prince George's County, MD","County or equivalent","Washington-Arlington-Alexandria, DC-VA-MD-WV"
"129",47900,"2009",834986,211901,148413,188627,175210,110835,194919,533021,103186,83048,87414,92871,34604,NA,"county_level","24033","Prince George's County, MD","County or equivalent","Washington-Arlington-Alexandria, DC-VA-MD-WV"
"130",47900,"2017",905161,203800,163332,188786,189806,159437,170009,572465,157427,86830,86602,94345,38917,NA,"county_level","24033","Prince George's County, MD","County or equivalent","Washington-Arlington-Alexandria, DC-VA-MD-WV"
"131",47900,"2000",259877,231060,45310,55348,34896,20370,130794,17856,35212,35236,27258,12716,5946,NA,"county_level","51013","Arlington County, VA","County or equivalent","Washington-Arlington-Alexandria, DC-VA-MD-WV"
"132",47900,"1990",170936,170936,43951,52470,23432,25318,130745,17947,23023,30808,26078,17192,4667,NA,"county_level","51013","Arlington County, VA","County or equivalent","Washington-Arlington-Alexandria, DC-VA-MD-WV"
"133",47900,"1980",152599,232498,29552,57295,51214,54830,141116,14047,8781,28928,24004,14963,3829,NA,"county_level","51013","Arlington County, VA","County or equivalent","Washington-Arlington-Alexandria, DC-VA-MD-WV"
"134",47900,"1970",306698,174284,45363,29708,35094,22249,NA,NA,NA,NA,NA,NA,NA,NA,"county_level","51013","Arlington County, VA","County or equivalent","Washington-Arlington-Alexandria, DC-VA-MD-WV"
"135",47900,"2013",214861,34472,53048,60489,38258,28594,153109,17966,32809,38256,30962,20580,4656,NA,"county_level","51013","Arlington County, VA","County or equivalent","Washington-Arlington-Alexandria, DC-VA-MD-WV"
"136",47900,"2009",206405,33433,52496,56886,37129,26461,147230,16725,34484,39015,28478,18464,4346,NA,"county_level","51013","Arlington County, VA","County or equivalent","Washington-Arlington-Alexandria, DC-VA-MD-WV"
"137",47900,"2013",214861,34472,53048,60489,38258,28594,153109,17966,32809,38256,30962,20580,4656,NA,"county_level","51013","Arlington County, VA","County or equivalent","Washington-Arlington-Alexandria, DC-VA-MD-WV"
"138",47900,"2009",206405,33433,52496,56886,37129,26461,147230,16725,34484,39015,28478,18464,4346,NA,"county_level","51013","Arlington County, VA","County or equivalent","Washington-Arlington-Alexandria, DC-VA-MD-WV"
"139",47900,"2017",229534,39702,49680,66185,41266,32701,164102,20278,35687,40110,33829,23238,5133,NA,"county_level","51013","Arlington County, VA","County or equivalent","Washington-Arlington-Alexandria, DC-VA-MD-WV"
"140",47900,"2017",229534,39702,49680,66185,41266,32701,164102,20278,35687,40110,33829,23238,5133,NA,"county_level","51013","Arlington County, VA","County or equivalent","Washington-Arlington-Alexandria, DC-VA-MD-WV"
"141",47900,"2000",13046,16836,1261,3139,2833,2210,11635,854,197,1191,1825,954,429,NA,"county_level","51043","Clarke County, VA","County or equivalent","Washington-Arlington-Alexandria, DC-VA-MD-WV"
"142",47900,"1990",12101,12101,1930,3091,2096,2214,10968,1064,29,756,1444,1461,524,NA,"county_level","51043","Clarke County, VA","County or equivalent","Washington-Arlington-Alexandria, DC-VA-MD-WV"
"143",47900,"1980",9965,15053,1167,2449,3568,3666,8805,1144,27,729,1081,1205,470,NA,"county_level","51043","Clarke County, VA","County or equivalent","Washington-Arlington-Alexandria, DC-VA-MD-WV"
"144",47900,"1970",13533,8102,1234,1521,1367,1309,NA,NA,NA,NA,NA,NA,NA,NA,"county_level","51043","Clarke County, VA","County or equivalent","Washington-Arlington-Alexandria, DC-VA-MD-WV"
"145",47900,"2013",14191,3142,1459,2450,3698,3442,12860,753,514,1090,2270,1702,518,NA,"county_level","51043","Clarke County, VA","County or equivalent","Washington-Arlington-Alexandria, DC-VA-MD-WV"
"146",47900,"2017",14331,3004,1730,2261,3670,3666,12800,703,685,1550,2148,1402,468,NA,"county_level","51043","Clarke County, VA","County or equivalent","Washington-Arlington-Alexandria, DC-VA-MD-WV"
"147",47900,"2013",14191,3142,1459,2450,3698,3442,12860,753,514,1090,2270,1702,518,NA,"county_level","51043","Clarke County, VA","County or equivalent","Washington-Arlington-Alexandria, DC-VA-MD-WV"
"148",47900,"2009",14359,3149,1866,2817,3410,3117,12979,861,506,1420,2092,1621,354,NA,"county_level","51043","Clarke County, VA","County or equivalent","Washington-Arlington-Alexandria, DC-VA-MD-WV"
"149",47900,"2017",14331,3004,1730,2261,3670,3666,12800,703,685,1550,2148,1402,468,NA,"county_level","51043","Clarke County, VA","County or equivalent","Washington-Arlington-Alexandria, DC-VA-MD-WV"
"150",47900,"2009",14359,3149,1866,2817,3410,3117,12979,861,506,1420,2092,1621,354,NA,"county_level","51043","Clarke County, VA","County or equivalent","Washington-Arlington-Alexandria, DC-VA-MD-WV"
"151",47900,"2000",36346,43861,4790,8863,6255,5113,26868,5880,1042,2503,4102,2795,1342,NA,"county_level","51047","Culpeper County, VA","County or equivalent","Washington-Arlington-Alexandria, DC-VA-MD-WV"
"152",47900,"1990",27791,27791,4773,7056,4067,4463,22540,4789,191,1822,3062,3651,1192,NA,"county_level","51047","Culpeper County, VA","County or equivalent","Washington-Arlington-Alexandria, DC-VA-MD-WV"
"153",47900,"1980",22620,34301,3349,5364,7360,7900,18099,4685,196,1401,2215,2815,1147,NA,"county_level","51047","Culpeper County, VA","County or equivalent","Washington-Arlington-Alexandria, DC-VA-MD-WV"
"154",47900,"1970",29990,18218,2872,3042,2922,2936,NA,NA,NA,NA,NA,NA,NA,NA,"county_level","51047","Culpeper County, VA","County or equivalent","Washington-Arlington-Alexandria, DC-VA-MD-WV"
"155",47900,"2009",44923,11657,6675,10457,9017,7117,34509,7274,3278,3345,5367,5712,2166,NA,"county_level","51047","Culpeper County, VA","County or equivalent","Washington-Arlington-Alexandria, DC-VA-MD-WV"
"156",47900,"2017",49795,12568,6740,9532,10758,10197,38337,7150,4826,3431,5548,5461,2397,NA,"county_level","51047","Culpeper County, VA","County or equivalent","Washington-Arlington-Alexandria, DC-VA-MD-WV"
"157",47900,"2017",49795,12568,6740,9532,10758,10197,38337,7150,4826,3431,5548,5461,2397,NA,"county_level","51047","Culpeper County, VA","County or equivalent","Washington-Arlington-Alexandria, DC-VA-MD-WV"
"158",47900,"2013",47330,12114,6534,9620,10365,8697,36347,7071,4169,3349,5499,5376,1815,NA,"county_level","51047","Culpeper County, VA","County or equivalent","Washington-Arlington-Alexandria, DC-VA-MD-WV"
"159",47900,"2009",44923,11657,6675,10457,9017,7117,34509,7274,3278,3345,5367,5712,2166,NA,"county_level","51047","Culpeper County, VA","County or equivalent","Washington-Arlington-Alexandria, DC-VA-MD-WV"
"160",47900,"2013",47330,12114,6534,9620,10365,8697,36347,7071,4169,3349,5499,5376,1815,NA,"county_level","51047","Culpeper County, VA","County or equivalent","Washington-Arlington-Alexandria, DC-VA-MD-WV"
"161",47900,"2000",1183473,1257710,140245,262566,211065,103371,676295,81744,106862,75006,113474,87168,42964,NA,"county_level","51059","Fairfax County, VA","County or equivalent","Washington-Arlington-Alexandria, DC-VA-MD-WV"
"162",47900,"1990",818584,818584,159176,238011,141695,80107,666349,63360,51340,54349,95713,110451,32430,NA,"county_level","51059","Fairfax County, VA","County or equivalent","Washington-Arlington-Alexandria, DC-VA-MD-WV"
"163",47900,"1980",596901,898595,83913,171054,252562,115845,561520,35430,19983,34872,62173,81588,26975,NA,"county_level","51059","Fairfax County, VA","County or equivalent","Washington-Arlington-Alexandria, DC-VA-MD-WV"
"164",47900,"1970",730713,455021,80120,99030,73652,22890,NA,NA,NA,NA,NA,NA,NA,NA,"county_level","51059","Fairfax County, VA","County or equivalent","Washington-Arlington-Alexandria, DC-VA-MD-WV"
"165",47900,"2009",1012751,253279,153555,229242,231664,145011,675361,93552,141343,90592,114133,125406,38108,NA,"county_level","51059","Fairfax County, VA","County or equivalent","Washington-Arlington-Alexandria, DC-VA-MD-WV"
"166",47900,"2017",1142004,271008,168205,249801,247893,205097,713926,110385,184595,87948,123480,138165,43787,NA,"county_level","51059","Fairfax County, VA","County or equivalent","Washington-Arlington-Alexandria, DC-VA-MD-WV"
"167",47900,"2013",1101071,265972,166153,246721,246602,175623,698963,101532,173532,88693,122680,134795,43740,NA,"county_level","51059","Fairfax County, VA","County or equivalent","Washington-Arlington-Alexandria, DC-VA-MD-WV"
"168",47900,"2009",1012751,253279,153555,229242,231664,145011,675361,93552,141343,90592,114133,125406,38108,NA,"county_level","51059","Fairfax County, VA","County or equivalent","Washington-Arlington-Alexandria, DC-VA-MD-WV"
"169",47900,"2017",1142004,271008,168205,249801,247893,205097,713926,110385,184595,87948,123480,138165,43787,NA,"county_level","51059","Fairfax County, VA","County or equivalent","Washington-Arlington-Alexandria, DC-VA-MD-WV"
"170",47900,"2013",1101071,265972,166153,246721,246602,175623,698963,101532,173532,88693,122680,134795,43740,NA,"county_level","51059","Fairfax County, VA","County or equivalent","Washington-Arlington-Alexandria, DC-VA-MD-WV"
"171",47900,"2000",57401,73194,6202,14098,11852,7507,48643,4646,1131,3706,6887,4877,2361,NA,"county_level","51061","Fauquier County, VA","County or equivalent","Washington-Arlington-Alexandria, DC-VA-MD-WV"
"172",47900,"1990",48741,48741,8418,12939,7992,6271,42584,5411,688,2497,5347,6530,2110,NA,"county_level","51061","Fauquier County, VA","County or equivalent","Washington-Arlington-Alexandria, DC-VA-MD-WV"
"173",47900,"1980",35889,53787,5163,8684,13257,9796,30273,5664,190,1805,3298,4586,2014,NA,"county_level","51061","Fauquier County, VA","County or equivalent","Washington-Arlington-Alexandria, DC-VA-MD-WV"
"174",47900,"1970",43030,26375,4318,4663,4089,3585,NA,NA,NA,NA,NA,NA,NA,NA,"county_level","51061","Fauquier County, VA","County or equivalent","Washington-Arlington-Alexandria, DC-VA-MD-WV"
"175",47900,"2013",66015,16300,8090,12197,15917,13511,57759,5088,4344,4750,8184,7577,2619,NA,"county_level","51061","Fauquier County, VA","County or equivalent","Washington-Arlington-Alexandria, DC-VA-MD-WV"
"176",47900,"2013",66015,16300,8090,12197,15917,13511,57759,5088,4344,4750,8184,7577,2619,NA,"county_level","51061","Fauquier County, VA","County or equivalent","Washington-Arlington-Alexandria, DC-VA-MD-WV"
"177",47900,"2009",66330,17209,8424,14083,15692,10922,57060,5547,3520,4917,7914,7425,2449,NA,"county_level","51061","Fauquier County, VA","County or equivalent","Washington-Arlington-Alexandria, DC-VA-MD-WV"
"178",47900,"2009",66330,17209,8424,14083,15692,10922,57060,5547,3520,4917,7914,7425,2449,NA,"county_level","51061","Fauquier County, VA","County or equivalent","Washington-Arlington-Alexandria, DC-VA-MD-WV"
"179",47900,"2017",68406,16238,8937,12065,15899,15267,59448,5139,5141,5053,8319,7965,2644,NA,"county_level","51061","Fauquier County, VA","County or equivalent","Washington-Arlington-Alexandria, DC-VA-MD-WV"
"180",47900,"2017",68406,16238,8937,12065,15899,15267,59448,5139,5141,5053,8319,7965,2644,NA,"county_level","51061","Fauquier County, VA","County or equivalent","Washington-Arlington-Alexandria, DC-VA-MD-WV"
"181",47900,"2000",189833,218405,21917,53802,29876,12682,139951,11541,10117,11079,18877,16488,7333,NA,"county_level","51107","Loudoun County, VA","County or equivalent","Washington-Arlington-Alexandria, DC-VA-MD-WV"
"182",47900,"1990",86129,86129,16730,25310,13438,7401,77053,6293,2177,5066,10011,12106,3440,NA,"county_level","51107","Loudoun County, VA","County or equivalent","Washington-Arlington-Alexandria, DC-VA-MD-WV"
"183",47900,"1980",57427,86627,7144,16581,21806,11724,52638,5053,834,2785,5145,7933,2882,NA,"county_level","51107","Loudoun County, VA","County or equivalent","Washington-Arlington-Alexandria, DC-VA-MD-WV"
"184",47900,"1970",59600,37150,5689,7629,5037,4095,NA,NA,NA,NA,NA,NA,NA,NA,"county_level","51107","Loudoun County, VA","County or equivalent","Washington-Arlington-Alexandria, DC-VA-MD-WV"
"185",47900,"2017",374558,108763,45589,93091,80306,46809,250975,28333,50426,20966,34119,48841,17373,NA,"county_level","51107","Loudoun County, VA","County or equivalent","Washington-Arlington-Alexandria, DC-VA-MD-WV"
"186",47900,"2013",326477,98726,39318,85615,67975,34843,226884,23821,41283,18297,30079,43174,15447,NA,"county_level","51107","Loudoun County, VA","County or equivalent","Washington-Arlington-Alexandria, DC-VA-MD-WV"
"187",47900,"2009",277465,82799,35808,80630,53004,25224,202994,21654,28026,20703,25238,34011,11076,NA,"county_level","51107","Loudoun County, VA","County or equivalent","Washington-Arlington-Alexandria, DC-VA-MD-WV"
"188",47900,"2017",374558,108763,45589,93091,80306,46809,250975,28333,50426,20966,34119,48841,17373,NA,"county_level","51107","Loudoun County, VA","County or equivalent","Washington-Arlington-Alexandria, DC-VA-MD-WV"
"189",47900,"2013",326477,98726,39318,85615,67975,34843,226884,23821,41283,18297,30079,43174,15447,NA,"county_level","51107","Loudoun County, VA","County or equivalent","Washington-Arlington-Alexandria, DC-VA-MD-WV"
"190",47900,"2009",277465,82799,35808,80630,53004,25224,202994,21654,28026,20703,25238,34011,11076,NA,"county_level","51107","Loudoun County, VA","County or equivalent","Washington-Arlington-Alexandria, DC-VA-MD-WV"
"191",47900,"2000",335345,360115,45077,78818,51073,19330,193069,52873,27266,16101,27678,27021,14184,NA,"county_level","51153","Prince William County, VA","County or equivalent","Washington-Arlington-Alexandria, DC-VA-MD-WV"
"192",47900,"1990",215686,215686,46082,63626,29798,10453,180042,24942,9403,9095,19398,31579,10181,NA,"county_level","51153","Prince William County, VA","County or equivalent","Washington-Arlington-Alexandria, DC-VA-MD-WV"
"193",47900,"1980",144703,216063,22181,45725,52704,13823,132611,12111,3345,4644,10456,20745,7980,NA,"county_level","51153","Prince William County, VA","County or equivalent","Washington-Arlington-Alexandria, DC-VA-MD-WV"
"194",47900,"1970",173009,111102,24358,24256,8889,4404,NA,NA,NA,NA,NA,NA,NA,NA,"county_level","51153","Prince William County, VA","County or equivalent","Washington-Arlington-Alexandria, DC-VA-MD-WV"
"195",47900,"2017",450763,124872,68783,103423,92946,60739,265523,94217,101042,25703,37824,51992,23787,NA,"county_level","51153","Prince William County, VA","County or equivalent","Washington-Arlington-Alexandria, DC-VA-MD-WV"
"196",47900,"2013",416668,119246,65777,98392,84416,48837,255662,84675,86314,23233,36833,49334,23042,NA,"county_level","51153","Prince William County, VA","County or equivalent","Washington-Arlington-Alexandria, DC-VA-MD-WV"
"197",47900,"2009",360910,107074,57231,89770,71275,35560,219690,69860,66648,22173,35847,45997,19740,NA,"county_level","51153","Prince William County, VA","County or equivalent","Washington-Arlington-Alexandria, DC-VA-MD-WV"
"198",47900,"2017",450763,124872,68783,103423,92946,60739,265523,94217,101042,25703,37824,51992,23787,NA,"county_level","51153","Prince William County, VA","County or equivalent","Washington-Arlington-Alexandria, DC-VA-MD-WV"
"199",47900,"2013",416668,119246,65777,98392,84416,48837,255662,84675,86314,23233,36833,49334,23042,NA,"county_level","51153","Prince William County, VA","County or equivalent","Washington-Arlington-Alexandria, DC-VA-MD-WV"
"200",47900,"2009",360910,107074,57231,89770,71275,35560,219690,69860,66648,22173,35847,45997,19740,NA,"county_level","51153","Prince William County, VA","County or equivalent","Washington-Arlington-Alexandria, DC-VA-MD-WV"
"201",47900,"2000",7271,9440,732,1513,1773,1295,6496,348,144,648,1065,547,245,NA,"county_level","51157","Rappahannock County, VA","County or equivalent","Washington-Arlington-Alexandria, DC-VA-MD-WV"
"202",47900,"1990",6622,6622,1030,1675,1232,1200,6079,495,47,494,915,886,250,NA,"county_level","51157","Rappahannock County, VA","County or equivalent","Washington-Arlington-Alexandria, DC-VA-MD-WV"
"203",47900,"1980",6093,9110,759,1466,2219,2126,5404,689,0,424,685,718,323,NA,"county_level","51157","Rappahannock County, VA","County or equivalent","Washington-Arlington-Alexandria, DC-VA-MD-WV"
"204",47900,"1970",8548,5199,742,816,905,886,NA,NA,NA,NA,NA,NA,NA,NA,"county_level","51157","Rappahannock County, VA","County or equivalent","Washington-Arlington-Alexandria, DC-VA-MD-WV"
"205",47900,"2009",7171,1497,842,1221,1877,1734,6486,405,91,632,1340,974,130,NA,"county_level","51157","Rappahannock County, VA","County or equivalent","Washington-Arlington-Alexandria, DC-VA-MD-WV"
"206",47900,"2009",7171,1497,842,1221,1877,1734,6486,405,91,632,1340,974,130,NA,"county_level","51157","Rappahannock County, VA","County or equivalent","Washington-Arlington-Alexandria, DC-VA-MD-WV"
"207",47900,"2017",7359,1338,870,1062,1622,2467,6721,280,261,875,1285,724,247,NA,"county_level","51157","Rappahannock County, VA","County or equivalent","Washington-Arlington-Alexandria, DC-VA-MD-WV"
"208",47900,"2017",7359,1338,870,1062,1622,2467,6721,280,261,875,1285,724,247,NA,"county_level","51157","Rappahannock County, VA","County or equivalent","Washington-Arlington-Alexandria, DC-VA-MD-WV"
"209",47900,"2013",7448,1416,792,1157,1879,2204,6860,338,240,951,1260,868,182,NA,"county_level","51157","Rappahannock County, VA","County or equivalent","Washington-Arlington-Alexandria, DC-VA-MD-WV"
"210",47900,"2013",7448,1416,792,1157,1879,2204,6860,338,240,951,1260,868,182,NA,"county_level","51157","Rappahannock County, VA","County or equivalent","Washington-Arlington-Alexandria, DC-VA-MD-WV"
"211",47900,"2000",95097,119043,12184,23434,17214,9831,74930,10725,2351,5145,9927,8658,4120,NA,"county_level","51177","Spotsylvania County, VA","County or equivalent","Washington-Arlington-Alexandria, DC-VA-MD-WV"
"212",47900,"1990",57403,57403,9877,16241,7769,5992,50221,6193,926,2502,5608,8147,2721,NA,"county_level","51177","Spotsylvania County, VA","County or equivalent","Washington-Arlington-Alexandria, DC-VA-MD-WV"
"213",47900,"1980",34435,51763,4518,9940,11495,7118,29228,5092,300,1386,2980,4510,1940,NA,"county_level","51177","Spotsylvania County, VA","County or equivalent","Washington-Arlington-Alexandria, DC-VA-MD-WV"
"214",47900,"1970",26641,16424,2532,3044,2631,2010,NA,NA,NA,NA,NA,NA,NA,NA,"county_level","51177","Spotsylvania County, VA","County or equivalent","Washington-Arlington-Alexandria, DC-VA-MD-WV"
"215",47900,"2013",124319,33688,17963,25695,27453,19520,93110,19556,9737,7074,13582,14846,6207,NA,"county_level","51177","Spotsylvania County, VA","County or equivalent","Washington-Arlington-Alexandria, DC-VA-MD-WV"
"216",47900,"2009",118512,34196,17407,27171,24760,14978,91688,17881,7538,7000,13275,14748,5667,NA,"county_level","51177","Spotsylvania County, VA","County or equivalent","Washington-Arlington-Alexandria, DC-VA-MD-WV"
"217",47900,"2017",130159,33157,19313,25174,29227,23288,94968,20643,11706,8155,13888,15318,5918,NA,"county_level","51177","Spotsylvania County, VA","County or equivalent","Washington-Arlington-Alexandria, DC-VA-MD-WV"
"218",47900,"2013",124319,33688,17963,25695,27453,19520,93110,19556,9737,7074,13582,14846,6207,NA,"county_level","51177","Spotsylvania County, VA","County or equivalent","Washington-Arlington-Alexandria, DC-VA-MD-WV"
"219",47900,"2009",118512,34196,17407,27171,24760,14978,91688,17881,7538,7000,13275,14748,5667,NA,"county_level","51177","Spotsylvania County, VA","County or equivalent","Washington-Arlington-Alexandria, DC-VA-MD-WV"
"220",47900,"2017",130159,33157,19313,25174,29227,23288,94968,20643,11706,8155,13888,15318,5918,NA,"county_level","51177","Spotsylvania County, VA","County or equivalent","Washington-Arlington-Alexandria, DC-VA-MD-WV"
"221",47900,"2000",98808,118780,12540,25932,16965,7299,75802,10998,3181,4179,8849,9644,4499,NA,"county_level","51179","Stafford County, VA","County or equivalent","Washington-Arlington-Alexandria, DC-VA-MD-WV"
"222",47900,"1990",61236,61236,12607,16454,8831,5340,55684,4230,1291,2354,5621,8711,2757,NA,"county_level","51179","Stafford County, VA","County or equivalent","Washington-Arlington-Alexandria, DC-VA-MD-WV"
"223",47900,"1980",40470,59933,5819,10928,14233,8007,37744,2888,550,1376,3220,5470,2173,NA,"county_level","51179","Stafford County, VA","County or equivalent","Washington-Arlington-Alexandria, DC-VA-MD-WV"
"224",47900,"1970",40249,24587,5679,4570,3267,2146,NA,NA,NA,NA,NA,NA,NA,NA,"county_level","51179","Stafford County, VA","County or equivalent","Washington-Arlington-Alexandria, DC-VA-MD-WV"
"225",47900,"2013",131885,37038,21533,27582,30146,15586,93262,22645,12745,6352,13213,16709,5904,NA,"county_level","51179","Stafford County, VA","County or equivalent","Washington-Arlington-Alexandria, DC-VA-MD-WV"
"226",47900,"2017",141159,37546,23156,28852,31834,19771,97462,23940,16515,6523,14330,17079,7413,NA,"county_level","51179","Stafford County, VA","County or equivalent","Washington-Arlington-Alexandria, DC-VA-MD-WV"
"227",47900,"2013",131885,37038,21533,27582,30146,15586,93262,22645,12745,6352,13213,16709,5904,NA,"county_level","51179","Stafford County, VA","County or equivalent","Washington-Arlington-Alexandria, DC-VA-MD-WV"
"228",47900,"2009",120436,36326,18363,28700,25458,11589,88161,19970,9601,6049,11955,15565,6008,NA,"county_level","51179","Stafford County, VA","County or equivalent","Washington-Arlington-Alexandria, DC-VA-MD-WV"
"229",47900,"2009",120436,36326,18363,28700,25458,11589,88161,19970,9601,6049,11955,15565,6008,NA,"county_level","51179","Stafford County, VA","County or equivalent","Washington-Arlington-Alexandria, DC-VA-MD-WV"
"230",47900,"2017",141159,37546,23156,28852,31834,19771,97462,23940,16515,6523,14330,17079,7413,NA,"county_level","51179","Stafford County, VA","County or equivalent","Washington-Arlington-Alexandria, DC-VA-MD-WV"
"231",47900,"2000",32316,41677,4232,7853,6186,4874,29024,1835,366,2910,4128,2592,1147,NA,"county_level","51187","Warren County, VA","County or equivalent","Washington-Arlington-Alexandria, DC-VA-MD-WV"
"232",47900,"1990",26142,26142,4843,6201,4213,4499,24732,1191,281,2176,3359,3477,928,NA,"county_level","51187","Warren County, VA","County or equivalent","Washington-Arlington-Alexandria, DC-VA-MD-WV"
"233",47900,"1980",21200,32146,2864,4991,7227,7818,20149,1228,226,1594,2587,2723,941,NA,"county_level","51187","Warren County, VA","County or equivalent","Washington-Arlington-Alexandria, DC-VA-MD-WV"
"234",47900,"1970",25732,15301,2582,2503,2916,2430,NA,NA,NA,NA,NA,NA,NA,NA,"county_level","51187","Warren County, VA","County or equivalent","Washington-Arlington-Alexandria, DC-VA-MD-WV"
"235",47900,"2009",36087,8700,5391,7795,8146,6055,33005,1824,1089,3392,5102,4082,1062,NA,"county_level","51187","Warren County, VA","County or equivalent","Washington-Arlington-Alexandria, DC-VA-MD-WV"
"236",47900,"2017",38991,8765,5768,7035,8933,8490,35339,1435,1622,3415,5005,4346,1424,NA,"county_level","51187","Warren County, VA","County or equivalent","Washington-Arlington-Alexandria, DC-VA-MD-WV"
"237",47900,"2017",38991,8765,5768,7035,8933,8490,35339,1435,1622,3415,5005,4346,1424,NA,"county_level","51187","Warren County, VA","County or equivalent","Washington-Arlington-Alexandria, DC-VA-MD-WV"
"238",47900,"2013",37836,8940,5233,7455,8945,7263,34562,1554,1379,3366,5438,4266,1317,NA,"county_level","51187","Warren County, VA","County or equivalent","Washington-Arlington-Alexandria, DC-VA-MD-WV"
"239",47900,"2009",36087,8700,5391,7795,8146,6055,33005,1824,1089,3392,5102,4082,1062,NA,"county_level","51187","Warren County, VA","County or equivalent","Washington-Arlington-Alexandria, DC-VA-MD-WV"
"240",47900,"2013",37836,8940,5233,7455,8945,7263,34562,1554,1379,3366,5438,4266,1317,NA,"county_level","51187","Warren County, VA","County or equivalent","Washington-Arlington-Alexandria, DC-VA-MD-WV"
"241",47900,"2000",165777,160934,27713,39941,23756,13633,76775,28444,18747,26880,19590,7407,3702,NA,"county_level","51510","Alexandria city, VA","County or equivalent","Washington-Arlington-Alexandria, DC-VA-MD-WV"
"242",47900,"1990",111183,111183,28460,34457,16037,15252,76907,24557,10526,22297,17656,10478,2818,NA,"county_level","51510","Alexandria city, VA","County or equivalent","Washington-Arlington-Alexandria, DC-VA-MD-WV"
"243",47900,"1980",103217,158085,19858,42654,35365,30245,80608,23396,4251,20071,16283,10139,2745,NA,"county_level","51510","Alexandria city, VA","County or equivalent","Washington-Arlington-Alexandria, DC-VA-MD-WV"
"244",47900,"1970",191028,110938,31500,18863,18259,11468,NA,NA,NA,NA,NA,NA,NA,NA,"county_level","51510","Alexandria city, VA","County or equivalent","Washington-Arlington-Alexandria, DC-VA-MD-WV"
"245",47900,"2009",142131,25230,28808,40579,25848,21666,91633,31039,19746,29207,20326,11142,2185,NA,"county_level","51510","Alexandria city, VA","County or equivalent","Washington-Arlington-Alexandria, DC-VA-MD-WV"
"246",47900,"2017",154710,27938,25075,47905,29976,23816,96411,34123,25900,28751,21693,14565,3654,NA,"county_level","51510","Alexandria city, VA","County or equivalent","Washington-Arlington-Alexandria, DC-VA-MD-WV"
"247",47900,"2013",143684,24911,27072,43283,27588,20830,92041,31291,23542,28088,20967,13164,3150,NA,"county_level","51510","Alexandria city, VA","County or equivalent","Washington-Arlington-Alexandria, DC-VA-MD-WV"
"248",47900,"2009",142131,25230,28808,40579,25848,21666,91633,31039,19746,29207,20326,11142,2185,NA,"county_level","51510","Alexandria city, VA","County or equivalent","Washington-Arlington-Alexandria, DC-VA-MD-WV"
"249",47900,"2017",154710,27938,25075,47905,29976,23816,96411,34123,25900,28751,21693,14565,3654,NA,"county_level","51510","Alexandria city, VA","County or equivalent","Washington-Arlington-Alexandria, DC-VA-MD-WV"
"250",47900,"2013",143684,24911,27072,43283,27588,20830,92041,31291,23542,28088,20967,13164,3150,NA,"county_level","51510","Alexandria city, VA","County or equivalent","Washington-Arlington-Alexandria, DC-VA-MD-WV"
"251",47900,"2000",27310,27680,3783,5504,4299,3288,15742,1008,2906,1879,2856,1586,829,NA,"county_level","51600","Fairfax city, VA","County or equivalent","Washington-Arlington-Alexandria, DC-VA-MD-WV"
"252",47900,"1990",19622,19622,4848,4777,3368,2964,16802,1021,1356,1497,2679,2537,660,NA,"county_level","51600","Fairfax city, VA","County or equivalent","Washington-Arlington-Alexandria, DC-VA-MD-WV"
"253",47900,"1980",19390,29164,3856,5427,7413,4631,18708,493,467,1292,2169,2651,797,NA,"county_level","51600","Fairfax city, VA","County or equivalent","Washington-Arlington-Alexandria, DC-VA-MD-WV"
"254",47900,"1970",35003,21970,3903,4551,3380,1199,NA,NA,NA,NA,NA,NA,NA,NA,"county_level","51600","Fairfax city, VA","County or equivalent","Washington-Arlington-Alexandria, DC-VA-MD-WV"
"255",47900,"2013",23027,4844,3887,4834,4973,4489,16228,1154,3705,1829,2894,2973,796,NA,"county_level","51600","Fairfax city, VA","County or equivalent","Washington-Arlington-Alexandria, DC-VA-MD-WV"
"256",47900,"2013",23027,4844,3887,4834,4973,4489,16228,1154,3705,1829,2894,2973,796,NA,"county_level","51600","Fairfax city, VA","County or equivalent","Washington-Arlington-Alexandria, DC-VA-MD-WV"
"257",47900,"2009",23369,4741,4229,4855,5226,4318,16933,1244,3181,2258,2845,2446,884,NA,"county_level","51600","Fairfax city, VA","County or equivalent","Washington-Arlington-Alexandria, DC-VA-MD-WV"
"258",47900,"2009",23369,4741,4229,4855,5226,4318,16933,1244,3181,2258,2845,2446,884,NA,"county_level","51600","Fairfax city, VA","County or equivalent","Washington-Arlington-Alexandria, DC-VA-MD-WV"
"259",47900,"2017",23580,5133,3778,4801,5181,4687,16104,1145,3985,1871,2716,3096,816,NA,"county_level","51600","Fairfax city, VA","County or equivalent","Washington-Arlington-Alexandria, DC-VA-MD-WV"
"260",47900,"2017",23580,5133,3778,4801,5181,4687,16104,1145,3985,1871,2716,3096,816,NA,"county_level","51600","Fairfax city, VA","County or equivalent","Washington-Arlington-Alexandria, DC-VA-MD-WV"
"261",47900,"2000",12161,13800,1208,2550,2507,1459,8875,256,892,1520,1421,812,302,NA,"county_level","51610","Falls Church city, VA","County or equivalent","Washington-Arlington-Alexandria, DC-VA-MD-WV"
"262",47900,"1990",9578,9578,1414,2798,1647,1872,8533,266,606,1387,1425,1073,285,NA,"county_level","51610","Falls Church city, VA","County or equivalent","Washington-Arlington-Alexandria, DC-VA-MD-WV"
"263",47900,"1980",9515,14520,1291,2843,3552,4044,9297,263,303,1422,1531,1024,288,NA,"county_level","51610","Falls Church city, VA","County or equivalent","Washington-Arlington-Alexandria, DC-VA-MD-WV"
"264",47900,"1970",18200,10772,1989,1762,2206,1471,NA,NA,NA,NA,NA,NA,NA,NA,"county_level","51610","Falls Church city, VA","County or equivalent","Washington-Arlington-Alexandria, DC-VA-MD-WV"
"265",47900,"2017",13843,3442,1687,2890,3164,2660,10938,667,1474,1600,1638,1564,506,NA,"county_level","51610","Falls Church city, VA","County or equivalent","Washington-Arlington-Alexandria, DC-VA-MD-WV"
"266",47900,"2013",12731,3205,1737,2766,2716,2307,9804,678,1190,1615,1424,1638,343,NA,"county_level","51610","Falls Church city, VA","County or equivalent","Washington-Arlington-Alexandria, DC-VA-MD-WV"
"267",47900,"2009",11233,2588,1894,1955,2718,2078,8888,572,1053,1321,1339,1174,296,NA,"county_level","51610","Falls Church city, VA","County or equivalent","Washington-Arlington-Alexandria, DC-VA-MD-WV"
"268",47900,"2017",13843,3442,1687,2890,3164,2660,10938,667,1474,1600,1638,1564,506,NA,"county_level","51610","Falls Church city, VA","County or equivalent","Washington-Arlington-Alexandria, DC-VA-MD-WV"
"269",47900,"2013",12731,3205,1737,2766,2716,2307,9804,678,1190,1615,1424,1638,343,NA,"county_level","51610","Falls Church city, VA","County or equivalent","Washington-Arlington-Alexandria, DC-VA-MD-WV"
"270",47900,"2009",11233,2588,1894,1955,2718,2078,8888,572,1053,1321,1339,1174,296,NA,"county_level","51610","Falls Church city, VA","County or equivalent","Washington-Arlington-Alexandria, DC-VA-MD-WV"
"271",47900,"2000",21117,25444,6124,3698,2876,2794,14147,3950,919,3175,2701,1100,396,NA,"county_level","51630","Fredericksburg city, VA","County or equivalent","Washington-Arlington-Alexandria, DC-VA-MD-WV"
"272",47900,"1990",19027,19027,6439,3558,2215,3298,14441,4116,425,2580,2452,1905,532,NA,"county_level","51630","Fredericksburg city, VA","County or equivalent","Washington-Arlington-Alexandria, DC-VA-MD-WV"
"273",47900,"1980",15322,24205,4964,3430,4351,6026,12288,3043,102,2028,1962,1513,414,NA,"county_level","51630","Fredericksburg city, VA","County or equivalent","Washington-Arlington-Alexandria, DC-VA-MD-WV"
"274",47900,"1970",25266,14450,4101,2072,2399,2244,NA,NA,NA,NA,NA,NA,NA,NA,"county_level","51630","Fredericksburg city, VA","County or equivalent","Washington-Arlington-Alexandria, DC-VA-MD-WV"
"275",47900,"2017",28135,5850,8266,5441,4465,4113,18127,6326,3007,3781,3463,2582,593,NA,"county_level","51630","Fredericksburg city, VA","County or equivalent","Washington-Arlington-Alexandria, DC-VA-MD-WV"
"276",47900,"2013",25931,5219,8195,4781,4039,3697,16893,6095,2812,3715,3164,2400,500,NA,"county_level","51630","Fredericksburg city, VA","County or equivalent","Washington-Arlington-Alexandria, DC-VA-MD-WV"
"277",47900,"2009",22314,4482,6829,3733,3081,4189,15596,4691,1723,4021,2718,1786,378,NA,"county_level","51630","Fredericksburg city, VA","County or equivalent","Washington-Arlington-Alexandria, DC-VA-MD-WV"
"278",47900,"2017",28135,5850,8266,5441,4465,4113,18127,6326,3007,3781,3463,2582,593,NA,"county_level","51630","Fredericksburg city, VA","County or equivalent","Washington-Arlington-Alexandria, DC-VA-MD-WV"
"279",47900,"2013",25931,5219,8195,4781,4039,3697,16893,6095,2812,3715,3164,2400,500,NA,"county_level","51630","Fredericksburg city, VA","County or equivalent","Washington-Arlington-Alexandria, DC-VA-MD-WV"
"280",47900,"2009",22314,4482,6829,3733,3081,4189,15596,4691,1723,4021,2718,1786,378,NA,"county_level","51630","Fredericksburg city, VA","County or equivalent","Washington-Arlington-Alexandria, DC-VA-MD-WV"
"281",47900,"2000",45823,44080,6124,9987,5880,2470,25234,4542,5344,2472,3261,3164,1845,NA,"county_level","51683","Manassas city, VA","County or equivalent","Washington-Arlington-Alexandria, DC-VA-MD-WV"
"282",47900,"1990",27957,27957,6848,7993,3199,2008,23343,2893,1631,1582,2892,3836,1237,NA,"county_level","51683","Manassas city, VA","County or equivalent","Washington-Arlington-Alexandria, DC-VA-MD-WV"
"283",47900,"1980",15438,23295,2604,5221,5101,2509,14047,1420,119,776,1417,2141,745,NA,"county_level","51683","Manassas city, VA","County or equivalent","Washington-Arlington-Alexandria, DC-VA-MD-WV"
"284",47900,"2009",35559,10309,5954,8055,7005,4236,23322,4046,9685,2439,3038,4168,1998,NA,"county_level","51683","Manassas city, VA","County or equivalent","Washington-Arlington-Alexandria, DC-VA-MD-WV"
"285",47900,"2009",35559,10309,5954,8055,7005,4236,23322,4046,9685,2439,3038,4168,1998,NA,"county_level","51683","Manassas city, VA","County or equivalent","Washington-Arlington-Alexandria, DC-VA-MD-WV"
"286",47900,"2017",41379,11075,7105,9365,8079,5755,28105,5518,14477,2430,3820,4308,1982,NA,"county_level","51683","Manassas city, VA","County or equivalent","Washington-Arlington-Alexandria, DC-VA-MD-WV"
"287",47900,"2017",41379,11075,7105,9365,8079,5755,28105,5518,14477,2430,3820,4308,1982,NA,"county_level","51683","Manassas city, VA","County or equivalent","Washington-Arlington-Alexandria, DC-VA-MD-WV"
"288",47900,"2013",39317,11020,7056,8938,7771,4532,29103,5568,12530,2383,3396,4263,2030,NA,"county_level","51683","Manassas city, VA","County or equivalent","Washington-Arlington-Alexandria, DC-VA-MD-WV"
"289",47900,"2013",39317,11020,7056,8938,7771,4532,29103,5568,12530,2383,3396,4263,2030,NA,"county_level","51683","Manassas city, VA","County or equivalent","Washington-Arlington-Alexandria, DC-VA-MD-WV"
"290",47900,"2000",13420,12705,1904,3150,1397,616,7475,1109,1565,472,902,950,619,NA,"county_level","51685","Manassas Park city, VA","County or equivalent","Washington-Arlington-Alexandria, DC-VA-MD-WV"
"291",47900,"1990",6734,6734,1683,1683,792,438,5941,501,318,287,607,937,343,NA,"county_level","51685","Manassas Park city, VA","County or equivalent","Washington-Arlington-Alexandria, DC-VA-MD-WV"
"292",47900,"1980",6524,9846,1133,1987,1968,742,6180,286,40,130,404,854,472,NA,"county_level","51685","Manassas Park city, VA","County or equivalent","Washington-Arlington-Alexandria, DC-VA-MD-WV"
"293",47900,"2013",15125,4268,2761,3974,2643,1479,10275,2025,5064,957,1067,1679,732,NA,"county_level","51685","Manassas Park city, VA","County or equivalent","Washington-Arlington-Alexandria, DC-VA-MD-WV"
"294",47900,"2009",11633,3605,1936,3082,1913,1097,7316,1288,3531,663,1118,1423,582,NA,"county_level","51685","Manassas Park city, VA","County or equivalent","Washington-Arlington-Alexandria, DC-VA-MD-WV"
"295",47900,"2017",16117,4268,2608,4138,3281,1822,10413,2202,6085,977,1152,1588,1061,NA,"county_level","51685","Manassas Park city, VA","County or equivalent","Washington-Arlington-Alexandria, DC-VA-MD-WV"
"296",47900,"2013",15125,4268,2761,3974,2643,1479,10275,2025,5064,957,1067,1679,732,NA,"county_level","51685","Manassas Park city, VA","County or equivalent","Washington-Arlington-Alexandria, DC-VA-MD-WV"
"297",47900,"2009",11633,3605,1936,3082,1913,1097,7316,1288,3531,663,1118,1423,582,NA,"county_level","51685","Manassas Park city, VA","County or equivalent","Washington-Arlington-Alexandria, DC-VA-MD-WV"
"298",47900,"2017",16117,4268,2608,4138,3281,1822,10413,2202,6085,977,1152,1588,1061,NA,"county_level","51685","Manassas Park city, VA","County or equivalent","Washington-Arlington-Alexandria, DC-VA-MD-WV"
"299",47900,"2000",43532,54942,6771,10260,8787,6014,38393,2364,671,3745,5720,3348,1379,NA,"county_level","54037","Jefferson County, WV","County or equivalent","Washington-Arlington-Alexandria, DC-VA-MD-WV"
"300",47900,"1990",35926,35926,7012,8859,5317,5508,33061,2631,421,2753,4123,4600,1365,NA,"county_level","54037","Jefferson County, WV","County or equivalent","Washington-Arlington-Alexandria, DC-VA-MD-WV"
"301",47900,"1980",30302,45537,5287,7529,9068,9488,27595,2737,148,1867,3141,3519,1537,NA,"county_level","54037","Jefferson County, WV","County or equivalent","Washington-Arlington-Alexandria, DC-VA-MD-WV"
"302",47900,"1970",35343,21280,4487,3176,3607,2793,NA,NA,NA,NA,NA,NA,NA,NA,"county_level","54037","Jefferson County, WV","County or equivalent","Washington-Arlington-Alexandria, DC-VA-MD-WV"
"303",47900,"2013",54131,12667,8242,10978,12489,9755,47753,3490,2668,4507,7331,5961,2090,NA,"county_level","54037","Jefferson County, WV","County or equivalent","Washington-Arlington-Alexandria, DC-VA-MD-WV"
"304",47900,"2017",55673,12692,7914,10650,12501,11916,48726,3669,2972,4771,7500,6336,2201,NA,"county_level","54037","Jefferson County, WV","County or equivalent","Washington-Arlington-Alexandria, DC-VA-MD-WV"
"305",47900,"2013",54131,12667,8242,10978,12489,9755,47753,3490,2668,4507,7331,5961,2090,NA,"county_level","54037","Jefferson County, WV","County or equivalent","Washington-Arlington-Alexandria, DC-VA-MD-WV"
"306",47900,"2009",50791,12041,7466,11641,11397,8246,45371,3488,1910,4376,6887,6391,1837,NA,"county_level","54037","Jefferson County, WV","County or equivalent","Washington-Arlington-Alexandria, DC-VA-MD-WV"
"307",47900,"2009",50791,12041,7466,11641,11397,8246,45371,3488,1910,4376,6887,6391,1837,NA,"county_level","54037","Jefferson County, WV","County or equivalent","Washington-Arlington-Alexandria, DC-VA-MD-WV"
"308",47900,"2017",55673,12692,7914,10650,12501,11916,48726,3669,2972,4771,7500,6336,2201,NA,"county_level","54037","Jefferson County, WV","County or equivalent","Washington-Arlington-Alexandria, DC-VA-MD-WV"
